{
  "id": "bff3364e-598f-4890-8e64-c8e93afb2345",
  "name": "Cisco-SD-WAN-Environment",
  "values": [
    {
      "key": "vmanage",
      "value": "sandboxsdwan.cisco.com",
      "description": "",
      "enabled": true
    },
    {
      "key": "j_username",
      "value": "devnetuser",
      "description": "",
      "enabled": true
    },
    {
      "key": "j_password",
      "value": "Cisco123!",
      "description": "",
      "enabled": true
    },
    {
      "key": "port",
      "value": "8443",
      "type": "text",
      "description": "",
      "enabled": true
    }
  ],
  "_postman_variable_scope": "environment",
  "_postman_exported_at": "2018-10-07T04:09:04.277Z",
  "_postman_exported_using": "Postman/6.3.0"
}